{"cameraMode":{"drawMode":0,"name":"Shaded","section":"Shading Mode"},"sceneLighting":false,"audioPlay":false,"sceneViewState":{"showFog":true,"showMaterialUpdate":false,"showSkybox":false,"showFlares":true,"showImageEffects":true,"showParticleSystems":true},"in2DMode":false,"pivot":{"x":-22.697832107543947,"y":40.90132522583008,"z":15.922471046447754},"rotation":{"x":-0.2054539918899536,"y":0.2072402834892273,"z":-0.044564101845026019,"w":-0.9554340243339539},"size":3.316460132598877,"orthographic":false}