{"cameraMode":{"drawMode":0,"name":"Shaded","section":"Shading Mode"},"sceneLighting":true,"audioPlay":false,"sceneViewState":{"showFog":true,"showMaterialUpdate":false,"showSkybox":true,"showFlares":true,"showImageEffects":true,"showParticleSystems":true},"in2DMode":false,"pivot":{"x":-12.545539855957032,"y":-0.12390311062335968,"z":6.050383567810059},"rotation":{"x":-0.0062643433921039108,"y":-0.9935093522071838,"z":0.06897200644016266,"w":-0.09023747593164444},"size":2.356766700744629,"orthographic":false}