{"cameraMode":{"drawMode":0,"name":"Shaded","section":"Shading Mode"},"sceneLighting":true,"audioPlay":false,"sceneViewState":{"showFog":true,"showMaterialUpdate":false,"showSkybox":true,"showFlares":true,"showImageEffects":true,"showParticleSystems":true},"in2DMode":false,"pivot":{"x":19.805795669555665,"y":1.4994816780090333,"z":-20.608434677124025},"rotation":{"x":0.09452054649591446,"y":0.3768156170845032,"z":-0.03868749365210533,"w":0.9206406474113464},"size":3.316462755203247,"orthographic":false}