{"cameraMode":{"drawMode":0,"name":"Shaded","section":"Shading Mode"},"sceneLighting":false,"audioPlay":false,"sceneViewState":{"showFog":true,"showMaterialUpdate":false,"showSkybox":false,"showFlares":true,"showImageEffects":true,"showParticleSystems":true},"in2DMode":false,"pivot":{"x":-21.38277816772461,"y":41.89730453491211,"z":14.556442260742188},"rotation":{"x":-0.07908788323402405,"y":0.9086301922798157,"z":-0.20109863579273225,"w":-0.35734525322914126},"size":3.316460132598877,"orthographic":false}