{"cameraMode":{"drawMode":0,"name":"Shaded","section":"Shading Mode"},"sceneLighting":true,"audioPlay":false,"sceneViewState":{"showFog":true,"showMaterialUpdate":false,"showSkybox":true,"showFlares":true,"showImageEffects":true,"showParticleSystems":true},"in2DMode":false,"pivot":{"x":21.249223709106447,"y":18.453777313232423,"z":-0.1633518487215042},"rotation":{"x":-0.4721800684928894,"y":-0.45477455854415896,"z":0.3123374581336975,"w":-0.6875110268592835},"size":1.4289418458938599,"orthographic":false}