{"cameraMode":{"drawMode":0,"name":"Shaded","section":"Shading Mode"},"sceneLighting":true,"audioPlay":false,"sceneViewState":{"showFog":true,"showMaterialUpdate":false,"showSkybox":true,"showFlares":true,"showImageEffects":true,"showParticleSystems":true},"in2DMode":false,"pivot":{"x":-0.1350867748260498,"y":-5.464916229248047,"z":-8.026275634765625},"rotation":{"x":-0.009926595725119114,"y":0.7902570962905884,"z":-0.6125612854957581,"w":-0.012806214392185212},"size":27.427804946899415,"orthographic":false}